loss,grad_norm,learning_rate,epoch,step,eval_loss,eval_accuracy,eval_f1,eval_precision,eval_recall,eval_hamming_loss,eval_runtime,eval_samples_per_second,eval_steps_per_second,train_runtime,train_samples_per_second,train_steps_per_second,total_flos,train_loss
0.7308,2.2133030891418457,2.1975582685904552e-07,0.11098779134295228,100,,,,,,,,,,,,,,
0.6939,1.9432334899902344,4.417314095449501e-07,0.22197558268590456,200,,,,,,,,,,,,,,
0.614,2.3165364265441895,6.637069922308546e-07,0.33296337402885684,300,,,,,,,,,,,,,,
0.5061,1.5997490882873535,8.856825749167593e-07,0.4439511653718091,400,,,,,,,,,,,,,,
0.4123,1.2716261148452759,1.1076581576026637e-06,0.5549389567147613,500,,,,,,,,,,,,,,
0.3866,0.9473654627799988,1.3296337402885684e-06,0.6659267480577137,600,,,,,,,,,,,,,,
0.3701,3.445988178253174,1.5516093229744731e-06,0.7769145394006659,700,,,,,,,,,,,,,,
0.3525,1.6274538040161133,1.7735849056603774e-06,0.8879023307436182,800,,,,,,,,,,,,,,
0.3404,2.5165317058563232,1.995560488346282e-06,0.9988901220865705,900,,,,,,,,,,,,,,
,,,1.0,901,0.3249606192111969,0.09198113207547169,0.23389172147059994,0.4396866674379798,0.19883746858770263,0.12203004891684137,14.7949,85.976,10.747,,,,,
0.3174,1.9148621559143066,2.217536071032187e-06,1.1098779134295227,1000,,,,,,,,,,,,,,
0.3012,1.5840657949447632,2.439511653718091e-06,1.220865704772475,1100,,,,,,,,,,,,,,
0.2863,2.6648776531219482,2.6614872364039955e-06,1.3318534961154274,1200,,,,,,,,,,,,,,
0.2809,1.8588190078735352,2.8834628190899006e-06,1.4428412874583796,1300,,,,,,,,,,,,,,
0.2764,3.054445743560791,3.105438401775805e-06,1.5538290788013318,1400,,,,,,,,,,,,,,
0.2603,2.79929780960083,3.327413984461709e-06,1.6648168701442843,1500,,,,,,,,,,,,,,
0.2608,3.1323301792144775,3.5493895671476143e-06,1.7758046614872365,1600,,,,,,,,,,,,,,
0.2591,2.2684476375579834,3.7713651498335186e-06,1.8867924528301887,1700,,,,,,,,,,,,,,
0.258,1.8564730882644653,3.993340732519424e-06,1.997780244173141,1800,,,,,,,,,,,,,,
,,,2.0,1802,0.24413886666297913,0.1800314465408805,0.4809127716613587,0.6035106303064222,0.4373610195403851,0.09320405310971348,14.7904,86.002,10.75,,,,,
0.2408,2.484395742416382,4.215316315205328e-06,2.108768035516093,1900,,,,,,,,,,,,,,
0.2395,3.237095594406128,4.437291897891232e-06,2.2197558268590454,2000,,,,,,,,,,,,,,
0.2326,2.8696093559265137,4.659267480577137e-06,2.3307436182019976,2100,,,,,,,,,,,,,,
0.2318,2.008211135864258,4.881243063263042e-06,2.44173140954495,2200,,,,,,,,,,,,,,
0.2251,2.736314535140991,5.1032186459489466e-06,2.5527192008879025,2300,,,,,,,,,,,,,,
0.2234,3.0123980045318604,5.3251942286348504e-06,2.6637069922308547,2400,,,,,,,,,,,,,,
0.2208,2.7670538425445557,5.547169811320755e-06,2.774694783573807,2500,,,,,,,,,,,,,,
0.2176,1.7264881134033203,5.76914539400666e-06,2.885682574916759,2600,,,,,,,,,,,,,,
0.2163,2.9574334621429443,5.991120976692564e-06,2.9966703662597114,2700,,,,,,,,,,,,,,
,,,3.0,2703,0.22492505609989166,0.19732704402515724,0.520372059220281,0.6585052167570288,0.4599086962727671,0.08896750524109015,14.7991,85.951,10.744,,,,,
0.1953,1.4999445676803589,6.2130965593784685e-06,3.1076581576026636,2800,,,,,,,,,,,,,,
0.1998,1.8409968614578247,6.435072142064373e-06,3.218645948945616,2900,,,,,,,,,,,,,,
0.2023,2.878382921218872,6.657047724750279e-06,3.329633740288568,3000,,,,,,,,,,,,,,
0.1964,2.9682440757751465,6.879023307436183e-06,3.4406215316315203,3100,,,,,,,,,,,,,,
0.1927,3.1377642154693604,7.100998890122087e-06,3.551609322974473,3200,,,,,,,,,,,,,,
0.1923,3.929755687713623,7.322974472807992e-06,3.662597114317425,3300,,,,,,,,,,,,,,
0.1912,2.0794992446899414,7.544950055493896e-06,3.7735849056603774,3400,,,,,,,,,,,,,,
0.1959,4.168942451477051,7.766925638179802e-06,3.8845726970033296,3500,,,,,,,,,,,,,,
0.1954,3.3666086196899414,7.988901220865706e-06,3.995560488346282,3600,,,,,,,,,,,,,,
,,,4.0,3604,0.22664423286914825,0.18081761006289307,0.5571167374336434,0.7057218860564948,0.49711801324293997,0.09324772886093641,14.803,85.929,10.741,,,,,
0.1747,2.7294445037841797,8.21087680355161e-06,4.1065482796892345,3700,,,,,,,,,,,,,,
0.1744,2.4634833335876465,8.432852386237514e-06,4.217536071032186,3800,,,,,,,,,,,,,,
0.1708,4.381200790405273,8.654827968923419e-06,4.328523862375139,3900,,,,,,,,,,,,,,
0.165,3.0881340503692627,8.876803551609323e-06,4.439511653718091,4000,,,,,,,,,,,,,,
0.1728,2.1740024089813232,9.098779134295228e-06,4.550499445061043,4100,,,,,,,,,,,,,,
0.1673,5.076767444610596,9.320754716981133e-06,4.661487236403995,4200,,,,,,,,,,,,,,
0.1657,3.8646481037139893,9.542730299667038e-06,4.772475027746948,4300,,,,,,,,,,,,,,
0.1639,3.9832231998443604,9.764705882352942e-06,4.8834628190899,4400,,,,,,,,,,,,,,
0.163,2.8985302448272705,9.986681465038847e-06,4.994450610432852,4500,,,,,,,,,,,,,,
,,,5.0,4505,0.21403396129608154,0.2279874213836478,0.6070355511760821,0.7141463330023584,0.5397809537280931,0.08569182389937106,14.79,86.004,10.75,,,,,
0.1441,2.2167606353759766,9.97681588358614e-06,5.105438401775805,4600,,,,,,,,,,,,,,
0.1413,3.4005179405212402,9.952151929954373e-06,5.216426193118757,4700,,,,,,,,,,,,,,
0.1352,2.409653902053833,9.927487976322605e-06,5.327413984461709,4800,,,,,,,,,,,,,,
0.1462,3.5651252269744873,9.902824022690837e-06,5.438401775804661,4900,,,,,,,,,,,,,,
0.1457,3.6605288982391357,9.87816006905907e-06,5.549389567147614,5000,,,,,,,,,,,,,,
0.1494,4.179006576538086,9.853496115427303e-06,5.660377358490566,5100,,,,,,,,,,,,,,
0.1406,3.280086040496826,9.828832161795537e-06,5.771365149833518,5200,,,,,,,,,,,,,,
0.1428,3.1794471740722656,9.804168208163769e-06,5.882352941176471,5300,,,,,,,,,,,,,,
0.1482,2.515594005584717,9.779504254532002e-06,5.993340732519423,5400,,,,,,,,,,,,,,
,,,6.0,5406,0.22275783121585846,0.22641509433962265,0.6231466646951507,0.6729896922913301,0.5940086746661074,0.08909853249475891,14.7755,86.089,10.761,,,,,
0.1222,3.0594472885131836,9.754840300900234e-06,6.1043285238623755,5500,,,,,,,,,,,,,,
0.1258,4.412299156188965,9.730176347268467e-06,6.215316315205327,5600,,,,,,,,,,,,,,
0.1206,4.473478317260742,9.705512393636702e-06,6.32630410654828,5700,,,,,,,,,,,,,,
0.1267,4.147441387176514,9.680848440004934e-06,6.437291897891232,5800,,,,,,,,,,,,,,
0.1227,2.962782859802246,9.656184486373166e-06,6.548279689234184,5900,,,,,,,,,,,,,,
0.1233,2.7501635551452637,9.6315205327414e-06,6.659267480577136,6000,,,,,,,,,,,,,,
0.1197,4.960445880889893,9.606856579109632e-06,6.770255271920089,6100,,,,,,,,,,,,,,
0.1198,4.142360687255859,9.582192625477866e-06,6.881243063263041,6200,,,,,,,,,,,,,,
0.1141,4.965456008911133,9.557528671846098e-06,6.992230854605993,6300,,,,,,,,,,,,,,
,,,7.0,6307,0.23122476041316986,0.2279874213836478,0.6354135272001106,0.6656462469931023,0.6171204913174397,0.087395178197065,14.8346,85.745,10.718,,,,,
0.1011,2.917743444442749,9.532864718214331e-06,7.103218645948946,6400,,,,,,,,,,,,,,
0.0989,3.4269556999206543,9.508200764582564e-06,7.214206437291898,6500,,,,,,,,,,,,,,
0.0995,4.732611656188965,9.483536810950796e-06,7.32519422863485,6600,,,,,,,,,,,,,,
0.1009,1.8645049333572388,9.45887285731903e-06,7.436182019977802,6700,,,,,,,,,,,,,,
0.101,3.185328960418701,9.434208903687261e-06,7.547169811320755,6800,,,,,,,,,,,,,,
0.1019,1.871863603591919,9.409544950055495e-06,7.658157602663707,6900,,,,,,,,,,,,,,
0.0986,3.4583187103271484,9.384880996423727e-06,7.769145394006659,7000,,,,,,,,,,,,,,
0.0976,3.82623028755188,9.360217042791961e-06,7.880133185349612,7100,,,,,,,,,,,,,,
0.1031,2.353628635406494,9.335553089160193e-06,7.991120976692564,7200,,,,,,,,,,,,,,
,,,8.0,7208,0.2348705530166626,0.2279874213836478,0.617270351271782,0.6809322505461881,0.5793178737230166,0.08665269042627533,14.8344,85.747,10.718,,,,,
0.0837,2.5171802043914795,9.310889135528425e-06,8.102108768035515,7300,,,,,,,,,,,,,,
0.0837,2.867950677871704,9.286225181896659e-06,8.213096559378469,7400,,,,,,,,,,,,,,
0.0803,2.8304929733276367,9.261561228264891e-06,8.32408435072142,7500,,,,,,,,,,,,,,
0.0808,2.3281991481781006,9.236897274633125e-06,8.435072142064373,7600,,,,,,,,,,,,,,
0.0833,2.7115230560302734,9.212233321001357e-06,8.546059933407324,7700,,,,,,,,,,,,,,
0.0801,1.6463570594787598,9.18756936736959e-06,8.657047724750278,7800,,,,,,,,,,,,,,
0.0806,4.389791488647461,9.162905413737822e-06,8.76803551609323,7900,,,,,,,,,,,,,,
0.0825,1.799309492111206,9.138241460106056e-06,8.879023307436182,8000,,,,,,,,,,,,,,
0.0834,2.7580952644348145,9.113577506474288e-06,8.990011098779135,8100,,,,,,,,,,,,,,
,,,9.0,8109,0.25572654604911804,0.22877358490566038,0.6219193835311814,0.6531137667614004,0.6134673033241657,0.08770090845562543,14.8346,85.746,10.718,,,,,
0.0713,3.3870415687561035,9.08891355284252e-06,9.100998890122087,8200,,,,,,,,,,,,,,
0.0649,2.4454281330108643,9.064249599210754e-06,9.211986681465039,8300,,,,,,,,,,,,,,
0.062,2.0851857662200928,9.039585645578986e-06,9.32297447280799,8400,,,,,,,,,,,,,,
0.0733,4.1997971534729,9.01492169194722e-06,9.433962264150944,8500,,,,,,,,,,,,,,
0.0667,4.88770055770874,8.990257738315454e-06,9.544950055493896,8600,,,,,,,,,,,,,,
0.0707,3.2548747062683105,8.965593784683686e-06,9.655937846836848,8700,,,,,,,,,,,,,,
0.0647,3.7054269313812256,8.94092983105192e-06,9.7669256381798,8800,,,,,,,,,,,,,,
0.069,3.335439443588257,8.916265877420151e-06,9.877913429522753,8900,,,,,,,,,,,,,,
0.0633,3.1382157802581787,8.891601923788384e-06,9.988901220865705,9000,,,,,,,,,,,,,,
,,,10.0,9010,0.2626095116138458,0.2169811320754717,0.6355275193557389,0.6671679053418851,0.6173041852824249,0.08708944793850454,14.8356,85.74,10.717,,,,,
0.0554,2.579288959503174,8.866937970156617e-06,10.099889012208656,9100,,,,,,,,,,,,,,
0.0555,1.2729705572128296,8.84227401652485e-06,10.21087680355161,9200,,,,,,,,,,,,,,
0.0534,1.8537496328353882,8.817610062893083e-06,10.321864594894562,9300,,,,,,,,,,,,,,
0.0548,2.0417919158935547,8.792946109261315e-06,10.432852386237514,9400,,,,,,,,,,,,,,
0.0511,3.8137574195861816,8.768282155629549e-06,10.543840177580465,9500,,,,,,,,,,,,,,
0.0532,3.1955838203430176,8.743618201997781e-06,10.654827968923419,9600,,,,,,,,,,,,,,
0.0555,3.234027624130249,8.718954248366015e-06,10.76581576026637,9700,,,,,,,,,,,,,,
0.0555,3.4958674907684326,8.694290294734247e-06,10.876803551609322,9800,,,,,,,,,,,,,,
0.055,5.174685001373291,8.669626341102479e-06,10.987791342952276,9900,,,,,,,,,,,,,,
,,,11.0,9911,0.271729052066803,0.22169811320754718,0.6256805310630745,0.6548060755645168,0.6053390770027396,0.08717679944095039,14.8364,85.735,10.717,,,,,
0.0433,1.748582124710083,8.644962387470713e-06,11.098779134295228,10000,,,,,,,,,,,,,,
0.0426,4.801450729370117,8.620298433838945e-06,11.20976692563818,10100,,,,,,,,,,,,,,
0.0441,2.924799680709839,8.595634480207178e-06,11.320754716981131,10200,,,,,,,,,,,,,,
0.0443,2.1147384643554688,8.57097052657541e-06,11.431742508324085,10300,,,,,,,,,,,,,,
0.0433,3.41148042678833,8.546306572943644e-06,11.542730299667037,10400,,,,,,,,,,,,,,
0.044,5.858033657073975,8.521642619311876e-06,11.653718091009988,10500,,,,,,,,,,,,,,
0.048,4.518970012664795,8.496978665680108e-06,11.764705882352942,10600,,,,,,,,,,,,,,
0.041,3.872950792312622,8.472314712048342e-06,11.875693673695894,10700,,,,,,,,,,,,,,
0.0426,2.597193717956543,8.447650758416574e-06,11.986681465038846,10800,,,,,,,,,,,,,,
,,,12.0,10812,0.2915298044681549,0.22169811320754718,0.645433029695921,0.7245085049497354,0.6199348114572653,0.08717679944095039,14.8417,85.704,10.713,,,,,
0.0402,2.7364439964294434,8.422986804784808e-06,12.097669256381797,10900,,,,,,,,,,,,,,
0.0372,1.932862401008606,8.39832285115304e-06,12.208657047724751,11000,,,,,,,,,,,,,,
0.0352,4.188869476318359,8.373658897521274e-06,12.319644839067703,11100,,,,,,,,,,,,,,
0.0351,3.244325637817383,8.348994943889506e-06,12.430632630410654,11200,,,,,,,,,,,,,,
0.0369,0.7483749985694885,8.324330990257738e-06,12.541620421753606,11300,,,,,,,,,,,,,,
0.0325,2.9994964599609375,8.299667036625972e-06,12.65260821309656,11400,,,,,,,,,,,,,,
0.0359,3.056647539138794,8.275003082994205e-06,12.763596004439512,11500,,,,,,,,,,,,,,
0.0335,2.313784599304199,8.250339129362437e-06,12.874583795782463,11600,,,,,,,,,,,,,,
0.0324,1.6273854970932007,8.225675175730671e-06,12.985571587125417,11700,,,,,,,,,,,,,,
,,,13.0,11713,0.30597734451293945,0.21540880503144655,0.639521028645395,0.6604098037153692,0.6267951128540777,0.08839972047519218,14.9151,85.283,10.66,,,,,
0.0287,2.5590806007385254,8.201011222098903e-06,13.096559378468369,11800,,,,,,,,,,,,,,
0.0282,2.7222907543182373,8.176347268467137e-06,13.20754716981132,11900,,,,,,,,,,,,,,
0.0313,2.9451584815979004,8.151683314835369e-06,13.318534961154272,12000,,,,,,,,,,,,,,
0.0259,3.0380709171295166,8.127019361203603e-06,13.429522752497226,12100,,,,,,,,,,,,,,
0.0291,4.46185302734375,8.102355407571835e-06,13.540510543840178,12200,,,,,,,,,,,,,,
0.0284,3.0230510234832764,8.077691453940067e-06,13.65149833518313,12300,,,,,,,,,,,,,,
0.0291,3.1516764163970947,8.0530275003083e-06,13.762486126526083,12400,,,,,,,,,,,,,,
0.0306,4.968638896942139,8.028363546676533e-06,13.873473917869035,12500,,,,,,,,,,,,,,
0.0285,1.8016681671142578,8.003699593044766e-06,13.984461709211987,12600,,,,,,,,,,,,,,
,,,14.0,12614,0.3197852671146393,0.21226415094339623,0.6437413569157715,0.659505647934417,0.6363059951560435,0.08787561146051712,14.8435,85.694,10.712,,,,,
0.026,1.5534366369247437,7.979035639412998e-06,14.095449500554938,12700,,,,,,,,,,,,,,
0.0225,4.871240615844727,7.954371685781232e-06,14.206437291897892,12800,,,,,,,,,,,,,,
0.0234,3.5423543453216553,7.929707732149464e-06,14.317425083240844,12900,,,,,,,,,,,,,,
0.0256,1.9999645948410034,7.905043778517696e-06,14.428412874583795,13000,,,,,,,,,,,,,,
0.024,1.0017141103744507,7.88037982488593e-06,14.539400665926749,13100,,,,,,,,,,,,,,
0.025,4.18344783782959,7.855715871254162e-06,14.6503884572697,13200,,,,,,,,,,,,,,
0.0244,2.638491153717041,7.831051917622396e-06,14.761376248612653,13300,,,,,,,,,,,,,,
0.0227,2.950268268585205,7.806387963990628e-06,14.872364039955604,13400,,,,,,,,,,,,,,
0.022,2.073615550994873,7.781724010358862e-06,14.983351831298558,13500,,,,,,,,,,,,,,
,,,15.0,13515,0.33783334493637085,0.2209119496855346,0.6437044241946137,0.6504850650278691,0.6433787748923973,0.08883647798742138,14.8679,85.554,10.694,,,,,
0.0232,3.1979684829711914,7.757060056727094e-06,15.09433962264151,13600,,,,,,,,,,,,,,
0.0196,3.316602945327759,7.732396103095326e-06,15.205327413984461,13700,,,,,,,,,,,,,,
0.019,2.2227892875671387,7.70773214946356e-06,15.316315205327413,13800,,,,,,,,,,,,,,
0.0172,1.799890398979187,7.683068195831792e-06,15.427302996670367,13900,,,,,,,,,,,,,,
0.0184,0.9342801570892334,7.658404242200025e-06,15.538290788013319,14000,,,,,,,,,,,,,,
0.0191,3.9325027465820312,7.633740288568257e-06,15.64927857935627,14100,,,,,,,,,,,,,,
0.0204,5.244579792022705,7.60907633493649e-06,15.760266370699224,14200,,,,,,,,,,,,,,
0.0197,2.5129635334014893,7.584412381304723e-06,15.871254162042176,14300,,,,,,,,,,,,,,
0.0178,2.2482340335845947,7.559748427672957e-06,15.982241953385127,14400,,,,,,,,,,,,,,
,,,16.0,14416,0.34165632724761963,0.2130503144654088,0.6342591178287221,0.6597844072491672,0.6196691414113763,0.08905485674353598,14.8787,85.492,10.686,,,,,
0.0163,2.802995443344116,7.53508447404119e-06,16.09322974472808,14500,,,,,,,,,,,,,,
0.0144,1.5349799394607544,7.510420520409423e-06,16.20421753607103,14600,,,,,,,,,,,,,,
0.0165,2.9433302879333496,7.485756566777656e-06,16.315205327413985,14700,,,,,,,,,,,,,,
0.0168,1.2712072134017944,7.4610926131458885e-06,16.426193118756938,14800,,,,,,,,,,,,,,
0.0169,2.3440511226654053,7.436428659514121e-06,16.537180910099888,14900,,,,,,,,,,,,,,
0.0151,1.055168628692627,7.4117647058823535e-06,16.64816870144284,15000,,,,,,,,,,,,,,
0.017,1.4550741910934448,7.387100752250586e-06,16.759156492785795,15100,,,,,,,,,,,,,,
0.0179,3.4753668308258057,7.362436798618819e-06,16.870144284128745,15200,,,,,,,,,,,,,,
0.0155,6.117468357086182,7.337772844987052e-06,16.9811320754717,15300,,,,,,,,,,,,,,
,,,17.0,15317,0.36411499977111816,0.22012578616352202,0.6406668246672975,0.6592098082172292,0.630022218561167,0.08901118099231307,14.8923,85.413,10.677,,,,,
0.0167,3.4380533695220947,7.313108891355285e-06,17.09211986681465,15400,,,,,,,,,,,,,,
0.0123,1.4610799551010132,7.288444937723518e-06,17.203107658157602,15500,,,,,,,,,,,,,,
0.0137,2.9584085941314697,7.263780984091751e-06,17.314095449500556,15600,,,,,,,,,,,,,,
0.0128,0.9310264587402344,7.239117030459984e-06,17.425083240843506,15700,,,,,,,,,,,,,,
0.0132,0.615896463394165,7.214453076828216e-06,17.53607103218646,15800,,,,,,,,,,,,,,
0.0135,0.6975080370903015,7.189789123196449e-06,17.647058823529413,15900,,,,,,,,,,,,,,
0.0126,0.8894331455230713,7.165125169564682e-06,17.758046614872363,16000,,,,,,,,,,,,,,
0.0108,0.8461053371429443,7.1404612159329146e-06,17.869034406215317,16100,,,,,,,,,,,,,,
0.0119,0.497361958026886,7.1157972623011475e-06,17.98002219755827,16200,,,,,,,,,,,,,,
,,,18.0,16218,0.3706548810005188,0.2248427672955975,0.6458194333677765,0.660435642532692,0.6394397265785892,0.08722047519217331,14.8865,85.446,10.681,,,,,
0.0113,1.6042675971984863,7.09113330866938e-06,18.09100998890122,16300,,,,,,,,,,,,,,
0.0115,0.4481324255466461,7.066469355037613e-06,18.201997780244174,16400,,,,,,,,,,,,,,
0.013,2.5888237953186035,7.041805401405845e-06,18.312985571587124,16500,,,,,,,,,,,,,,
0.012,0.9728243350982666,7.017141447774078e-06,18.423973362930077,16600,,,,,,,,,,,,,,
0.0104,0.7663859128952026,6.992477494142311e-06,18.53496115427303,16700,,,,,,,,,,,,,,
0.0104,3.797349214553833,6.967813540510544e-06,18.64594894561598,16800,,,,,,,,,,,,,,
0.0099,3.928194761276245,6.943149586878777e-06,18.756936736958934,16900,,,,,,,,,,,,,,
0.0102,2.9917852878570557,6.91848563324701e-06,18.867924528301888,17000,,,,,,,,,,,,,,
0.0104,5.201241970062256,6.893821679615243e-06,18.978912319644838,17100,,,,,,,,,,,,,,
,,,19.0,17119,0.377995103597641,0.22720125786163523,0.6501055036811818,0.6541141012291991,0.6523998620129804,0.0859538784067086,14.8959,85.393,10.674,,,,,
0.0098,0.6724734306335449,6.869157725983475e-06,19.08990011098779,17200,,,,,,,,,,,,,,
0.0096,0.5524845719337463,6.844493772351709e-06,19.200887902330745,17300,,,,,,,,,,,,,,
0.0094,1.3547630310058594,6.819829818719942e-06,19.311875693673695,17400,,,,,,,,,,,,,,
0.008,1.1188820600509644,6.795165865088174e-06,19.42286348501665,17500,,,,,,,,,,,,,,
0.0097,0.40530136227607727,6.770501911456407e-06,19.5338512763596,17600,,,,,,,,,,,,,,
0.0105,0.434871107339859,6.74583795782464e-06,19.644839067702552,17700,,,,,,,,,,,,,,
0.0095,1.257588505744934,6.721174004192873e-06,19.755826859045506,17800,,,,,,,,,,,,,,
0.0089,0.5107769966125488,6.696510050561106e-06,19.866814650388456,17900,,,,,,,,,,,,,,
0.008,0.6157037019729614,6.671846096929339e-06,19.97780244173141,18000,,,,,,,,,,,,,,
,,,20.0,18020,0.3899429738521576,0.2248427672955975,0.6527738252702079,0.6658002131096711,0.6487326986178532,0.08665269042627533,14.8891,85.432,10.679,,,,,
0.0076,1.6482281684875488,6.647182143297572e-06,20.088790233074363,18100,,,,,,,,,,,,,,
0.0078,0.4761967957019806,6.622518189665804e-06,20.199778024417313,18200,,,,,,,,,,,,,,
0.0075,0.4139152467250824,6.597854236034037e-06,20.310765815760266,18300,,,,,,,,,,,,,,
0.0065,0.456527978181839,6.57319028240227e-06,20.42175360710322,18400,,,,,,,,,,,,,,
0.0077,1.2349443435668945,6.5485263287705025e-06,20.53274139844617,18500,,,,,,,,,,,,,,
0.0073,0.6391229629516602,6.5238623751387354e-06,20.643729189789124,18600,,,,,,,,,,,,,,
0.0081,3.7309110164642334,6.499198421506968e-06,20.754716981132077,18700,,,,,,,,,,,,,,
0.008,2.2648870944976807,6.474534467875201e-06,20.865704772475027,18800,,,,,,,,,,,,,,
0.008,0.11710496991872787,6.449870514243433e-06,20.97669256381798,18900,,,,,,,,,,,,,,
,,,21.0,18921,0.39577972888946533,0.2279874213836478,0.6461741864136079,0.6650606896607141,0.6372681454639705,0.08669636617749825,14.8649,85.57,10.696,,,,,
0.0073,0.3087964653968811,6.425206560611666e-06,21.08768035516093,19000,,,,,,,,,,,,,,
0.0063,1.026142954826355,6.400542606979899e-06,21.198668146503884,19100,,,,,,,,,,,,,,
0.0069,0.17396441102027893,6.375878653348132e-06,21.309655937846838,19200,,,,,,,,,,,,,,
0.0062,0.9476138353347778,6.351214699716365e-06,21.420643729189788,19300,,,,,,,,,,,,,,
0.0069,0.5941597819328308,6.326550746084598e-06,21.53163152053274,19400,,,,,,,,,,,,,,
0.0059,0.2561497688293457,6.301886792452831e-06,21.642619311875695,19500,,,,,,,,,,,,,,
0.0071,0.8624364733695984,6.277222838821064e-06,21.753607103218645,19600,,,,,,,,,,,,,,
0.0068,0.8739923238754272,6.252558885189296e-06,21.8645948945616,19700,,,,,,,,,,,,,,
0.0068,1.0304769277572632,6.2278949315575286e-06,21.975582685904552,19800,,,,,,,,,,,,,,
,,,22.0,19822,0.4100193977355957,0.2279874213836478,0.6552617936350411,0.6724882249497036,0.6445091404979658,0.08573549965059399,14.8614,85.591,10.699,,,,,
0.0058,0.6905093789100647,6.2032309779257615e-06,22.086570477247502,19900,,,,,,,,,,,,,,
0.0061,0.37048521637916565,6.178567024293994e-06,22.197558268590456,20000,,,,,,,,,,,,,,
0.0054,2.5577993392944336,6.153903070662227e-06,22.308546059933406,20100,,,,,,,,,,,,,,
0.0054,0.6612064838409424,6.129239117030461e-06,22.41953385127636,20200,,,,,,,,,,,,,,
0.0062,0.12812009453773499,6.104575163398694e-06,22.530521642619313,20300,,,,,,,,,,,,,,
0.007,0.4268536865711212,6.079911209766927e-06,22.641509433962263,20400,,,,,,,,,,,,,,
0.0073,0.14613349735736847,6.05524725613516e-06,22.752497225305216,20500,,,,,,,,,,,,,,
0.006,0.9619413614273071,6.030583302503392e-06,22.86348501664817,20600,,,,,,,,,,,,,,
0.0056,0.6285380125045776,6.005919348871625e-06,22.97447280799112,20700,,,,,,,,,,,,,,
,,,23.0,20723,0.4182315170764923,0.23270440251572327,0.6514318605166856,0.6657940020865202,0.6449991294297647,0.08634696016771488,14.8687,85.549,10.694,,,,,
0.0054,0.6904834508895874,5.981255395239858e-06,23.085460599334073,20800,,,,,,,,,,,,,,
0.005,2.5545923709869385,5.9565914416080905e-06,23.196448390677027,20900,,,,,,,,,,,,,,
0.0062,0.34086620807647705,5.931927487976323e-06,23.307436182019977,21000,,,,,,,,,,,,,,
0.0058,0.39483973383903503,5.907263534344556e-06,23.41842397336293,21100,,,,,,,,,,,,,,
0.0053,0.18294255435466766,5.882599580712789e-06,23.529411764705884,21200,,,,,,,,,,,,,,
0.0048,1.9620646238327026,5.857935627081022e-06,23.640399556048834,21300,,,,,,,,,,,,,,
0.0043,0.19933046400547028,5.833271673449254e-06,23.751387347391788,21400,,,,,,,,,,,,,,
0.0053,0.7786957621574402,5.808607719817487e-06,23.862375138734738,21500,,,,,,,,,,,,,,
0.0039,0.06566277146339417,5.78394376618572e-06,23.97336293007769,21600,,,,,,,,,,,,,,
,,,24.0,21624,0.4246397614479065,0.22641509433962265,0.6462270656987693,0.6557145120606785,0.6417875352910597,0.08726415094339622,14.8589,85.605,10.701,,,,,
0.0038,5.051235675811768,5.759279812553953e-06,24.084350721420645,21700,,,,,,,,,,,,,,
0.0041,2.1447489261627197,5.734615858922186e-06,24.195338512763595,21800,,,,,,,,,,,,,,
0.0043,0.16770035028457642,5.709951905290419e-06,24.30632630410655,21900,,,,,,,,,,,,,,
0.0045,0.16563984751701355,5.685287951658652e-06,24.417314095449502,22000,,,,,,,,,,,,,,
0.004,0.16597026586532593,5.660623998026884e-06,24.528301886792452,22100,,,,,,,,,,,,,,
0.0041,0.18860137462615967,5.6359600443951165e-06,24.639289678135405,22200,,,,,,,,,,,,,,
0.0053,0.21710343658924103,5.6112960907633494e-06,24.75027746947836,22300,,,,,,,,,,,,,,
0.0049,0.1948252171278,5.586632137131582e-06,24.86126526082131,22400,,,,,,,,,,,,,,
0.0037,0.41775375604629517,5.561968183499815e-06,24.972253052164262,22500,,,,,,,,,,,,,,
,,,25.0,22525,0.43660837411880493,0.22327044025157233,0.6525514137408729,0.6645132362334796,0.6467811232639881,0.08713312368972746,14.8573,85.614,10.702,,,,,
0.005,0.33043357729911804,5.537304229868048e-06,25.083240843507213,22600,,,,,,,,,,,,,,
0.0043,0.11789975315332413,5.512640276236281e-06,25.194228634850166,22700,,,,,,,,,,,,,,
0.0045,0.14753131568431854,5.487976322604513e-06,25.30521642619312,22800,,,,,,,,,,,,,,
0.0043,0.8524190187454224,5.463312368972746e-06,25.41620421753607,22900,,,,,,,,,,,,,,
0.0038,0.19017651677131653,5.438648415340979e-06,25.527192008879023,23000,,,,,,,,,,,,,,
0.0053,0.10018885880708694,5.413984461709212e-06,25.638179800221977,23100,,,,,,,,,,,,,,
0.0047,0.6978097558021545,5.3893205080774456e-06,25.749167591564927,23200,,,,,,,,,,,,,,
0.0042,0.03003321960568428,5.3646565544456785e-06,25.86015538290788,23300,,,,,,,,,,,,,,
0.0033,1.3160109519958496,5.339992600813911e-06,25.971143174250834,23400,,,,,,,,,,,,,,
,,,26.0,23426,0.44408661127090454,0.2169811320754717,0.6615600842144664,0.6662931052113116,0.6705964769335717,0.08791928721174004,14.8614,85.591,10.699,,,,,
0.0041,0.3233431279659271,5.315328647182144e-06,26.082130965593784,23500,,,,,,,,,,,,,,
0.0046,0.23781795799732208,5.290664693550377e-06,26.193118756936737,23600,,,,,,,,,,,,,,
0.0032,0.6063449382781982,5.26600073991861e-06,26.30410654827969,23700,,,,,,,,,,,,,,
0.0032,1.1621884107589722,5.241336786286842e-06,26.41509433962264,23800,,,,,,,,,,,,,,
0.0036,1.442714810371399,5.216672832655075e-06,26.526082130965595,23900,,,,,,,,,,,,,,
0.0033,0.31939905881881714,5.192008879023308e-06,26.637069922308545,24000,,,,,,,,,,,,,,
0.0034,1.285719633102417,5.167344925391541e-06,26.748057713651498,24100,,,,,,,,,,,,,,
0.0042,0.35337522625923157,5.142680971759774e-06,26.85904550499445,24200,,,,,,,,,,,,,,
0.0029,0.6582797765731812,5.118017018128007e-06,26.9700332963374,24300,,,,,,,,,,,,,,
,,,27.0,24327,0.4457383155822754,0.23663522012578617,0.6549572651005755,0.6477941003124872,0.6656094726339676,0.08717679944095039,14.8554,85.625,10.703,,,,,
0.0032,0.488720178604126,5.0933530644962396e-06,27.081021087680355,24400,,,,,,,,,,,,,,
0.0034,0.7059071063995361,5.068689110864472e-06,27.19200887902331,24500,,,,,,,,,,,,,,
0.0034,0.3481771647930145,5.0440251572327045e-06,27.30299667036626,24600,,,,,,,,,,,,,,
0.0024,3.236949920654297,5.019361203600937e-06,27.413984461709212,24700,,,,,,,,,,,,,,
0.0033,0.4979773759841919,4.99469724996917e-06,27.524972253052166,24800,,,,,,,,,,,,,,
0.003,0.1919434666633606,4.970033296337403e-06,27.635960044395116,24900,,,,,,,,,,,,,,
0.004,0.08074627071619034,4.945369342705636e-06,27.74694783573807,25000,,,,,,,,,,,,,,
0.0031,0.07302475720643997,4.920705389073869e-06,27.85793562708102,25100,,,,,,,,,,,,,,
0.0032,4.736983299255371,4.896041435442102e-06,27.968923418423973,25200,,,,,,,,,,,,,,
,,,28.0,25228,0.4581001400947571,0.2319182389937107,0.6539855311045959,0.7170663777947721,0.6450670671424062,0.08608490566037735,14.8692,85.546,10.693,,,,,
0.0042,0.23730893433094025,4.871377481810334e-06,28.079911209766927,25300,,,,,,,,,,,,,,
0.0024,0.31162017583847046,4.846713528178568e-06,28.190899001109877,25400,,,,,,,,,,,,,,
0.0039,5.556656837463379,4.822049574546801e-06,28.30188679245283,25500,,,,,,,,,,,,,,
0.0029,3.6595418453216553,4.7973856209150335e-06,28.412874583795784,25600,,,,,,,,,,,,,,
0.0027,2.8921117782592773,4.7727216672832664e-06,28.523862375138734,25700,,,,,,,,,,,,,,
0.0025,0.1472451537847519,4.7480577136514985e-06,28.634850166481687,25800,,,,,,,,,,,,,,
0.003,0.16266997158527374,4.723393760019731e-06,28.74583795782464,25900,,,,,,,,,,,,,,
0.0025,0.14369505643844604,4.698729806387964e-06,28.85682574916759,26000,,,,,,,,,,,,,,
0.0026,1.2935619354248047,4.674065852756197e-06,28.967813540510544,26100,,,,,,,,,,,,,,
,,,29.0,26129,0.4656227231025696,0.23113207547169812,0.659431403172718,0.7176982822528264,0.6487055561998158,0.08647798742138364,14.8679,85.553,10.694,,,,,
0.0019,3.565415143966675,4.64940189912443e-06,29.078801331853494,26200,,,,,,,,,,,,,,
0.0028,0.3573695123195648,4.624737945492663e-06,29.189789123196448,26300,,,,,,,,,,,,,,
0.0023,0.05610305815935135,4.600073991860896e-06,29.3007769145394,26400,,,,,,,,,,,,,,
0.0025,0.0640711635351181,4.575410038229128e-06,29.41176470588235,26500,,,,,,,,,,,,,,
0.0025,0.30909740924835205,4.550746084597361e-06,29.522752497225305,26600,,,,,,,,,,,,,,
0.0017,0.12003691494464874,4.526082130965594e-06,29.63374028856826,26700,,,,,,,,,,,,,,
0.002,0.12553280591964722,4.5014181773338275e-06,29.74472807991121,26800,,,,,,,,,,,,,,
0.0018,2.193052053451538,4.4767542237020604e-06,29.855715871254162,26900,,,,,,,,,,,,,,
0.0024,0.043916091322898865,4.4520902700702925e-06,29.966703662597116,27000,,,,,,,,,,,,,,
,,,30.0,27030,0.476762592792511,0.2279874213836478,0.6661650527232932,0.723194737281786,0.6587304641925451,0.08564814814814815,14.8671,85.558,10.695,,,,,
0.0019,0.06419318914413452,4.427426316438525e-06,30.077691453940066,27100,,,,,,,,,,,,,,
0.0026,0.3085213303565979,4.402762362806758e-06,30.18867924528302,27200,,,,,,,,,,,,,,
0.0022,0.09098464250564575,4.378098409174991e-06,30.299667036625973,27300,,,,,,,,,,,,,,
0.0023,0.42275470495224,4.353434455543224e-06,30.410654827968923,27400,,,,,,,,,,,,,,
0.0026,0.08726824820041656,4.328770501911457e-06,30.521642619311876,27500,,,,,,,,,,,,,,
0.0026,0.36171770095825195,4.30410654827969e-06,30.632630410654826,27600,,,,,,,,,,,,,,
0.0022,0.5129694938659668,4.279442594647922e-06,30.74361820199778,27700,,,,,,,,,,,,,,
0.002,0.8997510671615601,4.254778641016155e-06,30.854605993340734,27800,,,,,,,,,,,,,,
0.0023,0.44310158491134644,4.230114687384388e-06,30.965593784683684,27900,,,,,,,,,,,,,,
,,,31.0,27931,0.47432857751846313,0.22641509433962265,0.6552709915745294,0.6571240614454854,0.6569692597492527,0.08582285115303984,14.8601,85.598,10.7,,,,,
0.0017,0.051384590566158295,4.205450733752621e-06,31.076581576026637,28000,,,,,,,,,,,,,,
0.0024,0.08851585537195206,4.1807867801208536e-06,31.18756936736959,28100,,,,,,,,,,,,,,
0.0015,0.8341443538665771,4.1561228264890865e-06,31.29855715871254,28200,,,,,,,,,,,,,,
0.0016,0.06425268203020096,4.131458872857319e-06,31.409544950055494,28300,,,,,,,,,,,,,,
0.0023,0.19096174836158752,4.106794919225552e-06,31.520532741398448,28400,,,,,,,,,,,,,,
0.0019,0.07604771852493286,4.082130965593785e-06,31.631520532741398,28500,,,,,,,,,,,,,,
0.002,7.241040229797363,4.057467011962018e-06,31.74250832408435,28600,,,,,,,,,,,,,,
0.0016,0.05051879957318306,4.032803058330251e-06,31.8534961154273,28700,,,,,,,,,,,,,,
0.0016,0.07807355374097824,4.008139104698484e-06,31.964483906770255,28800,,,,,,,,,,,,,,
,,,32.0,28832,0.4818429946899414,0.2248427672955975,0.6665013186340419,0.6897690766773901,0.663820154231028,0.08494933612858141,14.8624,85.585,10.698,,,,,
0.0016,0.17016232013702393,3.983475151066716e-06,32.075471698113205,28900,,,,,,,,,,,,,,
0.0017,0.2079622447490692,3.958811197434949e-06,32.18645948945616,29000,,,,,,,,,,,,,,
0.0014,0.14983908832073212,3.934147243803182e-06,32.29744728079911,29100,,,,,,,,,,,,,,
0.0016,0.0267486609518528,3.909483290171415e-06,32.40843507214206,29200,,,,,,,,,,,,,,
0.002,0.09033812582492828,3.8848193365396476e-06,32.51942286348502,29300,,,,,,,,,,,,,,
0.003,0.10060809552669525,3.8601553829078805e-06,32.63041065482797,29400,,,,,,,,,,,,,,
0.0014,0.29791948199272156,3.835491429276113e-06,32.74139844617092,29500,,,,,,,,,,,,,,
0.0012,0.022879790514707565,3.810827475644346e-06,32.852386237513876,29600,,,,,,,,,,,,,,
0.002,0.11743519455194473,3.786163522012579e-06,32.963374028856826,29700,,,,,,,,,,,,,,
,,,33.0,29733,0.49681341648101807,0.22169811320754718,0.6519587464454473,0.6691765172616527,0.6488534876414543,0.08936058700209644,14.8516,85.647,10.706,,,,,
0.0022,0.12206081300973892,3.761499568380812e-06,33.074361820199776,29800,,,,,,,,,,,,,,
0.0014,0.05915680155158043,3.736835614749045e-06,33.18534961154273,29900,,,,,,,,,,,,,,
0.0021,0.25083139538764954,3.7121716611172774e-06,33.29633740288568,30000,,,,,,,,,,,,,,
0.0013,0.0403030626475811,3.6875077074855103e-06,33.40732519422863,30100,,,,,,,,,,,,,,
0.0021,1.1226787567138672,3.6628437538537433e-06,33.51831298557159,30200,,,,,,,,,,,,,,
0.0014,0.012629092670977116,3.6381798002219757e-06,33.62930077691454,30300,,,,,,,,,,,,,,
0.0013,1.0244497060775757,3.6135158465902086e-06,33.74028856825749,30400,,,,,,,,,,,,,,
0.0012,0.07415717095136642,3.5888518929584415e-06,33.85127635960044,30500,,,,,,,,,,,,,,
0.0014,3.0952253341674805,3.5641879393266744e-06,33.9622641509434,30600,,,,,,,,,,,,,,
,,,34.0,30634,0.487898588180542,0.23349056603773585,0.6617816754869269,0.6815397199945696,0.6552839776341612,0.0855607966457023,14.8508,85.652,10.706,,,,,
0.0014,0.18842189013957977,3.539523985694907e-06,34.07325194228635,30700,,,,,,,,,,,,,,
0.0015,0.19999508559703827,3.51486003206314e-06,34.1842397336293,30800,,,,,,,,,,,,,,
0.0012,0.06375298649072647,3.4901960784313727e-06,34.295227524972255,30900,,,,,,,,,,,,,,
0.0014,0.15781308710575104,3.4655321247996056e-06,34.406215316315205,31000,,,,,,,,,,,,,,
0.002,0.10451075434684753,3.440868171167838e-06,34.517203107658155,31100,,,,,,,,,,,,,,
0.0016,0.06539928168058395,3.4162042175360714e-06,34.62819089900111,31200,,,,,,,,,,,,,,
0.0012,0.14974267780780792,3.3915402639043043e-06,34.73917869034406,31300,,,,,,,,,,,,,,
0.0031,0.03539219871163368,3.3668763102725372e-06,34.85016648168701,31400,,,,,,,,,,,,,,
0.001,0.03506642207503319,3.34221235664077e-06,34.96115427302997,31500,,,,,,,,,,,,,,
,,,35.0,31535,0.49577227234840393,0.2389937106918239,0.6633004352146677,0.6853108645422656,0.6532632394793884,0.08490566037735849,14.8556,85.624,10.703,,,,,
0.0017,0.7400224208831787,3.3175484030090026e-06,35.07214206437292,31600,,,,,,,,,,,,,,
0.001,0.06940680742263794,3.2928844493772355e-06,35.18312985571587,31700,,,,,,,,,,,,,,
0.0015,0.04730191454291344,3.2682204957454684e-06,35.294117647058826,31800,,,,,,,,,,,,,,
0.0012,0.016048969700932503,3.243556542113701e-06,35.405105438401776,31900,,,,,,,,,,,,,,
0.0011,0.1485653817653656,3.218892588481934e-06,35.516093229744726,32000,,,,,,,,,,,,,,
0.0015,0.022667543962597847,3.1942286348501667e-06,35.62708102108768,32100,,,,,,,,,,,,,,
0.0014,0.035762615501880646,3.1695646812183996e-06,35.73806881243063,32200,,,,,,,,,,,,,,
0.0009,0.054125670343637466,3.144900727586632e-06,35.84905660377358,32300,,,,,,,,,,,,,,
0.0019,0.03667965903878212,3.120236773954865e-06,35.96004439511654,32400,,,,,,,,,,,,,,
,,,36.0,32436,0.4898128807544708,0.23427672955974843,0.6650671757404241,0.6925406588719151,0.6583631362570217,0.08490566037735849,14.8537,85.635,10.704,,,,,
0.0012,0.013588739559054375,3.095572820323098e-06,36.07103218645949,32500,,,,,,,,,,,,,,
0.0016,0.16086357831954956,3.0709088666913312e-06,36.18201997780244,32600,,,,,,,,,,,,,,
0.0011,0.09615293890237808,3.046244913059564e-06,36.2930077691454,32700,,,,,,,,,,,,,,
0.0013,0.021939590573310852,3.0215809594277966e-06,36.40399556048835,32800,,,,,,,,,,,,,,
0.0008,0.07376591861248016,2.9969170057960295e-06,36.5149833518313,32900,,,,,,,,,,,,,,
0.0011,0.09596775472164154,2.9722530521642624e-06,36.62597114317425,33000,,,,,,,,,,,,,,
0.0009,0.21282802522182465,2.947589098532495e-06,36.736958934517205,33100,,,,,,,,,,,,,,
0.0007,1.6713252067565918,2.922925144900728e-06,36.847946725860155,33200,,,,,,,,,,,,,,
0.001,0.017994005233049393,2.8982611912689607e-06,36.958934517203105,33300,,,,,,,,,,,,,,
,,,37.0,33337,0.5004016160964966,0.2358490566037736,0.6646227434793627,0.6772194878418935,0.6603045281561752,0.08547344514325646,14.8511,85.65,10.706,,,,,
0.001,0.24625764787197113,2.8735972376371936e-06,37.06992230854606,33400,,,,,,,,,,,,,,
0.0012,0.015184039250016212,2.848933284005426e-06,37.18091009988901,33500,,,,,,,,,,,,,,
0.0007,0.012920210137963295,2.824269330373659e-06,37.29189789123196,33600,,,,,,,,,,,,,,
0.001,0.06308968365192413,2.799605376741892e-06,37.40288568257492,33700,,,,,,,,,,,,,,
0.0017,0.25994372367858887,2.7749414231101248e-06,37.51387347391787,33800,,,,,,,,,,,,,,
0.0011,0.03263536095619202,2.7502774694783573e-06,37.62486126526082,33900,,,,,,,,,,,,,,
0.0008,0.661666989326477,2.72561351584659e-06,37.735849056603776,34000,,,,,,,,,,,,,,
0.0013,0.024191148579120636,2.7009495622148235e-06,37.846836847946726,34100,,,,,,,,,,,,,,
0.0009,0.08171254396438599,2.6762856085830564e-06,37.957824639289676,34200,,,,,,,,,,,,,,
,,,38.0,34238,0.49725860357284546,0.23820754716981132,0.658872353473658,0.6663776904977798,0.6552897716233457,0.08512403913347309,14.8552,85.627,10.703,,,,,
0.0007,0.02824808470904827,2.6516216549512893e-06,38.06881243063263,34300,,,,,,,,,,,,,,
0.0007,0.04318922013044357,2.6269577013195218e-06,38.17980022197558,34400,,,,,,,,,,,,,,
0.0007,0.20174379646778107,2.6022937476877547e-06,38.29078801331853,34500,,,,,,,,,,,,,,
0.0011,0.015058576129376888,2.5776297940559876e-06,38.40177580466149,34600,,,,,,,,,,,,,,
0.0009,0.18426065146923065,2.55296584042422e-06,38.51276359600444,34700,,,,,,,,,,,,,,
0.0006,0.2187729924917221,2.528301886792453e-06,38.62375138734739,34800,,,,,,,,,,,,,,
0.0017,0.21211862564086914,2.503637933160686e-06,38.73473917869035,34900,,,,,,,,,,,,,,
0.0008,0.04487420618534088,2.4789739795289188e-06,38.8457269700333,35000,,,,,,,,,,,,,,
0.001,0.048966072499752045,2.4543100258971512e-06,38.95671476137625,35100,,,,,,,,,,,,,,
,,,39.0,35139,0.5072714686393738,0.22641509433962265,0.6563721611157523,0.6548391996087495,0.6630051187416035,0.0867837176799441,14.8509,85.651,10.706,,,,,
0.0008,0.02385050803422928,2.4296460722653846e-06,39.067702552719204,35200,,,,,,,,,,,,,,
0.0008,0.11871121823787689,2.404982118633617e-06,39.178690344062154,35300,,,,,,,,,,,,,,
0.0013,0.009066521190106869,2.38031816500185e-06,39.289678135405104,35400,,,,,,,,,,,,,,
0.0009,0.23656900227069855,2.355654211370083e-06,39.400665926748054,35500,,,,,,,,,,,,,,
0.0012,0.03664606809616089,2.3309902577383158e-06,39.51165371809101,35600,,,,,,,,,,,,,,
0.001,0.013703037053346634,2.3063263041065482e-06,39.62264150943396,35700,,,,,,,,,,,,,,
0.0009,0.01843678206205368,2.281662350474781e-06,39.73362930077691,35800,,,,,,,,,,,,,,
0.0009,0.2176935374736786,2.256998396843014e-06,39.84461709211987,35900,,,,,,,,,,,,,,
0.0007,0.20198559761047363,2.232334443211247e-06,39.95560488346282,36000,,,,,,,,,,,,,,
,,,40.0,36040,0.5064319968223572,0.23427672955974843,0.6593902563550434,0.6632195188712681,0.6596546553480811,0.08481830887491265,14.8697,85.543,10.693,,,,,
0.0007,0.019109036773443222,2.20767048957948e-06,40.06659267480577,36100,,,,,,,,,,,,,,
0.0007,0.02927500009536743,2.1830065359477128e-06,40.177580466148726,36200,,,,,,,,,,,,,,
0.0007,0.14963345229625702,2.1583425823159452e-06,40.288568257491676,36300,,,,,,,,,,,,,,
0.0006,0.32790765166282654,2.133678628684178e-06,40.399556048834626,36400,,,,,,,,,,,,,,
0.0012,0.019404666498303413,2.109014675052411e-06,40.51054384017758,36500,,,,,,,,,,,,,,
0.0005,0.040803659707307816,2.084350721420644e-06,40.62153163152053,36600,,,,,,,,,,,,,,
0.0006,0.13440503180027008,2.059686767788877e-06,40.73251942286348,36700,,,,,,,,,,,,,,
0.0006,0.06867340207099915,2.0350228141571097e-06,40.84350721420644,36800,,,,,,,,,,,,,,
0.0006,0.007854579947888851,2.0103588605253422e-06,40.95449500554939,36900,,,,,,,,,,,,,,
,,,41.0,36941,0.5114763379096985,0.23270440251572327,0.6548877604983308,0.656040995989351,0.6573085833973484,0.08604122990915444,14.8641,85.576,10.697,,,,,
0.0006,0.017535628750920296,1.985694906893575e-06,41.06548279689234,37000,,,,,,,,,,,,,,
0.0006,0.05486224964261055,1.961030953261808e-06,41.1764705882353,37100,,,,,,,,,,,,,,
0.0007,0.4262674152851105,1.936366999630041e-06,41.28745837957825,37200,,,,,,,,,,,,,,
0.0006,0.02351616881787777,1.9117030459982734e-06,41.3984461709212,37300,,,,,,,,,,,,,,
0.0005,0.019599124789237976,1.8870390923665065e-06,41.509433962264154,37400,,,,,,,,,,,,,,
0.0006,0.031354013830423355,1.8623751387347394e-06,41.620421753607104,37500,,,,,,,,,,,,,,
0.0008,0.06264539808034897,1.8377111851029721e-06,41.731409544950054,37600,,,,,,,,,,,,,,
0.0008,4.180001735687256,1.813047231471205e-06,41.842397336293004,37700,,,,,,,,,,,,,,
0.0009,1.2915239334106445,1.7883832778394377e-06,41.95338512763596,37800,,,,,,,,,,,,,,
,,,42.0,37842,0.5131120085716248,0.23349056603773585,0.6544214905928945,0.6662345925004105,0.647075955999182,0.08490566037735849,14.881,85.478,10.685,,,,,
0.0006,0.03786694258451462,1.7637193242076706e-06,42.06437291897891,37900,,,,,,,,,,,,,,
0.0009,0.015472179278731346,1.7390553705759033e-06,42.17536071032186,38000,,,,,,,,,,,,,,
0.0006,0.03740755096077919,1.7143914169441364e-06,42.28634850166482,38100,,,,,,,,,,,,,,
0.0016,0.019790150225162506,1.6897274633123691e-06,42.39733629300777,38200,,,,,,,,,,,,,,
0.0005,0.02073798142373562,1.665063509680602e-06,42.50832408435072,38300,,,,,,,,,,,,,,
0.0005,0.013873067684471607,1.6403995560488347e-06,42.619311875693676,38400,,,,,,,,,,,,,,
0.0008,0.02340773120522499,1.6157356024170676e-06,42.730299667036626,38500,,,,,,,,,,,,,,
0.0007,0.03147264942526817,1.5910716487853003e-06,42.841287458379576,38600,,,,,,,,,,,,,,
0.0005,0.06965789943933487,1.5664076951535332e-06,42.95227524972253,38700,,,,,,,,,,,,,,
,,,43.0,38743,0.513510525226593,0.22877358490566038,0.6564965844104746,0.6589388187043033,0.6579022347743646,0.08551712089447938,14.8751,85.512,10.689,,,,,
0.0006,0.02366020530462265,1.5417437415217661e-06,43.06326304106548,38800,,,,,,,,,,,,,,
0.0007,0.020052477717399597,1.517079787889999e-06,43.17425083240843,38900,,,,,,,,,,,,,,
0.0006,0.016393810510635376,1.4924158342582317e-06,43.28523862375139,39000,,,,,,,,,,,,,,
0.0005,0.007371971849352121,1.4677518806264646e-06,43.39622641509434,39100,,,,,,,,,,,,,,
0.0011,0.005617219489067793,1.4430879269946973e-06,43.50721420643729,39200,,,,,,,,,,,,,,
0.0004,0.03070366568863392,1.4184239733629302e-06,43.61820199778025,39300,,,,,,,,,,,,,,
0.0005,0.018008343875408173,1.3937600197311629e-06,43.7291897891232,39400,,,,,,,,,,,,,,
0.0006,0.014585326425731182,1.3690960660993958e-06,43.84017758046615,39500,,,,,,,,,,,,,,
0.0006,0.011438754387199879,1.3444321124676287e-06,43.951165371809104,39600,,,,,,,,,,,,,,
,,,44.0,39644,0.5161927342414856,0.23820754716981132,0.665573505069183,0.6884407727446847,0.66201337379325,0.08481830887491265,14.8792,85.488,10.686,,,,,
0.0005,0.006450096610933542,1.3197681588358616e-06,44.062153163152054,39700,,,,,,,,,,,,,,
0.0007,0.006506488658487797,1.2951042052040943e-06,44.173140954495004,39800,,,,,,,,,,,,,,
0.0005,0.009950068779289722,1.2704402515723272e-06,44.28412874583796,39900,,,,,,,,,,,,,,
0.0004,0.01154873613268137,1.2457762979405599e-06,44.39511653718091,40000,,,,,,,,,,,,,,
0.0004,0.03388052433729172,1.2211123443087928e-06,44.50610432852386,40100,,,,,,,,,,,,,,
0.0004,0.03227875381708145,1.1964483906770257e-06,44.61709211986681,40200,,,,,,,,,,,,,,
0.0005,0.015066203661262989,1.1717844370452584e-06,44.72807991120977,40300,,,,,,,,,,,,,,
0.0007,0.020480476319789886,1.1471204834134913e-06,44.83906770255272,40400,,,,,,,,,,,,,,
0.0005,0.013011657632887363,1.1224565297817242e-06,44.95005549389567,40500,,,,,,,,,,,,,,
,,,45.0,40545,0.5298597812652588,0.22169811320754718,0.6646616301529693,0.6777807735003827,0.6648599363403469,0.08669636617749825,14.8781,85.495,10.687,,,,,
0.0004,0.006924238987267017,1.0977925761499569e-06,45.061043285238625,40600,,,,,,,,,,,,,,
0.0007,0.018381988629698753,1.0731286225181898e-06,45.172031076581575,40700,,,,,,,,,,,,,,
0.0007,0.008018369786441326,1.0484646688864227e-06,45.283018867924525,40800,,,,,,,,,,,,,,
0.0004,0.02084025926887989,1.0238007152546554e-06,45.39400665926748,40900,,,,,,,,,,,,,,
0.0006,0.02925994247198105,9.991367616228883e-07,45.50499445061043,41000,,,,,,,,,,,,,,
0.0004,0.006375912576913834,9.74472807991121e-07,45.61598224195338,41100,,,,,,,,,,,,,,
0.0004,0.09499751776456833,9.49808854359354e-07,45.72697003329634,41200,,,,,,,,,,,,,,
0.0004,0.008601192384958267,9.251449007275868e-07,45.83795782463929,41300,,,,,,,,,,,,,,
0.0004,0.018369600176811218,9.004809470958196e-07,45.94894561598224,41400,,,,,,,,,,,,,,
,,,46.0,41446,0.5236342549324036,0.2358490566037736,0.6671270393833377,0.6844708752581856,0.661736292791403,0.08438155136268344,14.8731,85.523,10.69,,,,,
0.0006,0.005610472988337278,8.758169934640523e-07,46.0599334073252,41500,,,,,,,,,,,,,,
0.0004,0.008129283785820007,8.511530398322853e-07,46.17092119866815,41600,,,,,,,,,,,,,,
0.0004,0.0038940603844821453,8.264890862005181e-07,46.2819089900111,41700,,,,,,,,,,,,,,
0.0004,0.019013604149222374,8.018251325687508e-07,46.392896781354054,41800,,,,,,,,,,,,,,
0.0004,0.05739394575357437,7.771611789369838e-07,46.503884572697004,41900,,,,,,,,,,,,,,
0.0005,0.008371148258447647,7.524972253052166e-07,46.614872364039954,42000,,,,,,,,,,,,,,
0.0004,0.0806778222322464,7.278332716734494e-07,46.72586015538291,42100,,,,,,,,,,,,,,
0.0004,0.01897161826491356,7.03169318041682e-07,46.83684794672586,42200,,,,,,,,,,,,,,
0.0006,0.012064115144312382,6.785053644099151e-07,46.94783573806881,42300,,,,,,,,,,,,,,
,,,47.0,42347,0.5243750810623169,0.23427672955974843,0.6652617887428459,0.6792339863087716,0.6626038096429377,0.0853424178895877,14.8634,85.579,10.697,,,,,
0.0006,0.0068737477995455265,6.538414107781479e-07,47.05882352941177,42400,,,,,,,,,,,,,,
0.0004,0.02348407916724682,6.291774571463805e-07,47.16981132075472,42500,,,,,,,,,,,,,,
0.0004,0.03570384532213211,6.045135035146134e-07,47.28079911209767,42600,,,,,,,,,,,,,,
0.0004,0.019257163628935814,5.798495498828462e-07,47.39178690344062,42700,,,,,,,,,,,,,,
0.0006,0.020967448130249977,5.551855962510791e-07,47.502774694783575,42800,,,,,,,,,,,,,,
0.0004,0.008927701972424984,5.305216426193119e-07,47.613762486126525,42900,,,,,,,,,,,,,,
0.0006,0.0216703861951828,5.058576889875447e-07,47.724750277469475,43000,,,,,,,,,,,,,,
0.0003,0.0042391931638121605,4.811937353557776e-07,47.83573806881243,43100,,,,,,,,,,,,,,
0.0005,0.14661060273647308,4.565297817240104e-07,47.94672586015538,43200,,,,,,,,,,,,,,
,,,48.0,43248,0.5285424590110779,0.22720125786163523,0.6628321909801518,0.6816766140009595,0.657306560954606,0.08599755415793152,14.8588,85.606,10.701,,,,,
0.0004,0.0149846775457263,4.3186582809224323e-07,48.05771365149833,43300,,,,,,,,,,,,,,
0.0004,0.010171950794756413,4.0720187446047603e-07,48.16870144284129,43400,,,,,,,,,,,,,,
0.0004,0.014528170228004456,3.825379208287089e-07,48.27968923418424,43500,,,,,,,,,,,,,,
0.0004,0.06792179495096207,3.578739671969417e-07,48.39067702552719,43600,,,,,,,,,,,,,,
0.0005,0.020775919780135155,3.3321001356517453e-07,48.50166481687015,43700,,,,,,,,,,,,,,
0.0004,0.012466690503060818,3.085460599334074e-07,48.6126526082131,43800,,,,,,,,,,,,,,
0.0004,0.02393350377678871,2.8388210630164017e-07,48.72364039955605,43900,,,,,,,,,,,,,,
0.0005,0.014351380988955498,2.59218152669873e-07,48.834628190899004,44000,,,,,,,,,,,,,,
0.0005,0.027015378698706627,2.3455419903810582e-07,48.945615982241954,44100,,,,,,,,,,,,,,
,,,49.0,44149,0.5266867876052856,0.235062893081761,0.664868421847422,0.6843333813120448,0.6578520718018389,0.08547344514325646,14.8635,85.579,10.697,,,,,
0.0005,0.013031067326664925,2.0989024540633864e-07,49.056603773584904,44200,,,,,,,,,,,,,,
0.0005,0.05025585740804672,1.8522629177457147e-07,49.16759156492786,44300,,,,,,,,,,,,,,
0.0004,0.06925830990076065,1.605623381428043e-07,49.27857935627081,44400,,,,,,,,,,,,,,
0.0004,0.013679522089660168,1.3589838451103714e-07,49.38956714761376,44500,,,,,,,,,,,,,,
0.0004,0.011251266114413738,1.1123443087926995e-07,49.50055493895672,44600,,,,,,,,,,,,,,
0.0004,0.008253877982497215,8.657047724750279e-08,49.61154273029967,44700,,,,,,,,,,,,,,
0.0005,0.026562456041574478,6.190652361573561e-08,49.72253052164262,44800,,,,,,,,,,,,,,
0.0003,0.005789497867226601,3.724256998396843e-08,49.833518312985575,44900,,,,,,,,,,,,,,
0.0004,0.008055362850427628,1.2578616352201259e-08,49.944506104328525,45000,,,,,,,,,,,,,,
,,,50.0,45050,0.5278501510620117,0.23349056603773585,0.6634004642404461,0.6821270686928469,0.65737635848972,0.08612858141160028,14.8719,85.531,10.691,,,,,
,,,50.0,45050,,,,,,,,,,13331.9498,27.014,3.379,1.678266125738496e+17,0.04386815898728192
